status,kind,pages,source,translation
reference-note,pdf,266,USACO/【由 BirDOR 整理】USACO 2001-2007 月赛测试数据+题目+题解/USACO月赛十年题典v10.pdf,vi/sources/usaco/usaco-ten-year-problem-anthology-v10.tex
reference-note,pdf,107,其他 OTHERS/一份不太简短的LATEX介绍.pdf,vi/sources/others/not-so-short-introduction-to-latex.tex
reference-note,pdf,459,英文资料 ENGLISH MATERIALS/A Probability Path - Resnick.pdf,vi/sources/english/a-probability-path-resnick.tex
reference-note,pdf,1120,"英文资料 ENGLISH MATERIALS/Computer Systems, A Programmer’s Perspective 3rd Edition.pdf",vi/sources/english/computer-systems-programmers-perspective-3e.tex
reference-note,pdf,670,英文资料 ENGLISH MATERIALS/Concrete Mathematics - 2nd Edition.pdf,vi/sources/english/concrete-mathematics-graham-knuth-patashnik.tex
reference-note,pdf,142,英文资料 ENGLISH MATERIALS/Data Structures and Network Algorithms - Tarjan [1987-01-01].pdf,vi/sources/english/data-structures-network-algorithms-tarjan.tex
reference-note,pdf,1313,英文资料 ENGLISH MATERIALS/Introduction To Algorithm - 3rd Edition.pdf,vi/sources/english/introduction-to-algorithms-3e-clrs.tex
code-template,md,,模板 TEMPLATES/计算几何模板 - 吉如一.md,vi/sources/templates/computational-geometry-template-ji-ruyi.tex
code-template,pdf,40,模板 TEMPLATES/HEOI2018模板复习手册 - Kvar_ispw17.pdf,vi/sources/templates/heoi2018-template-review-handbook.tex
code-template,pdf,89,模板 TEMPLATES/Macac_rio_Maratona_de_Programa__o.pdf,vi/sources/templates/macacario-maratona-programacao.tex
code-template,pdf,90,模板 TEMPLATES/NOIP2017模板复习手册 - Kvar_ispw17.pdf,vi/sources/templates/noip2017-template-review-handbook.tex
code-template,pdf,25,模板 TEMPLATES/chota1219.pdf,vi/sources/templates/chota1219-template-notebook.tex
code-template,pdf,267,模板 TEMPLATES/kuangbin的ACM模板（新）.pdf,vi/sources/templates/kuangbin-acm-template-new.tex
code-template,pdf,87,模板 TEMPLATES/上海交通大学ACM模板.pdf,vi/sources/templates/shanghai-jiaotong-acm-template.tex
code-template,pdf,48,模板 TEMPLATES/吉林大学ACM模板.pdf,vi/sources/templates/jilin-university-acm-code-library.tex
code-template,pdf,78,模板 TEMPLATES/计算几何模板-HIT.pdf,vi/sources/templates/hit-computational-geometry-template.tex
companion-note,pdf,36,IOI中国国家候选队论文/2001/刘汝佳(不完整).pdf,vi/sources/ioi/2001/liu-rujia-sokoban-insights.tex
companion-note,pdf,47,USACO/USACO题解(NOCOW整理版)47P.pdf,vi/sources/usaco/usaco-nocow-solutions.tex
companion-note,pdf,186,其他 OTHERS/C++的pb-ds库在OI中的应用 - 于纪平.pdf,vi/sources/others/pb-ds-in-oi-yu-jiping.tex
companion-note,pdf,74,其他 OTHERS/CDQ分治入门经典.pdf,vi/sources/others/cdq-divide-and-conquer-introduction.tex
companion-note,pdf,60,其他 OTHERS/博弈论相关 - 李晓潇.pdf,vi/sources/others/game-theory-li-xiaoxiao.tex
companion-note,pdf,142,动态规划 DYNAMIC PROGRAMMING/树形DP选讲 - 顾逸宏.pdf,vi/sources/dynamic-programming/tree-dp-selected-topics-gu-yihong.tex
companion-note,pdf,172,"图论 GRAPH THEORY/Making Graphs into Trees - immortalCO, WrongAnswer.pdf",vi/sources/graph-theory/making-graphs-into-trees-immortalco-wronganswer.tex
companion-note,pdf,51,图论 GRAPH THEORY/经典网络流教程.pdf,vi/sources/graph-theory/classic-network-flow-tutorial.tex
companion-note,pdf,81,数据结构 DATA STRUCTURE/Link Cut Trees.pdf,vi/sources/data-structure/link-cut-trees.tex
companion-note,pdf,57,数据结构 DATA STRUCTURE/后缀自动机 - 陈立杰.pdf,vi/sources/data-structure/suffix-automaton-chen-lijie.tex
companion-note,pdf,46,英文资料 ENGLISH MATERIALS/Game Theory - Thomas S. Ferguson.pdf,vi/sources/english/game-theory-ferguson-impartial-games.tex
translated,doc,,IOI中国国家候选队论文/2003/何林/何林.doc,vi/sources/ioi/2003/he-lin-ball-weighing-problems.tex
translated,doc,,IOI中国国家候选队论文/2003/侯启明/侯启明.doc,vi/sources/ioi/2003/hou-qiming-information-theory-applications.tex
translated,doc,,IOI中国国家候选队论文/2003/刘一鸣/刘一鸣.doc,vi/sources/ioi/2003/liu-yiming-search-data-ordering.tex
translated,doc,,IOI中国国家候选队论文/2003/周源/周源.doc,vi/sources/ioi/2003/zhou-yuan-minimal-representation-cyclic-strings.tex
translated,doc,,IOI中国国家候选队论文/2003/张云亮/张云亮.doc,vi/sources/ioi/2003/zhang-yunliang-algorithm-choice.tex
translated,doc,,IOI中国国家候选队论文/2003/张宁/张宁.doc,vi/sources/ioi/2003/zhang-ning-three-level-network.tex
translated,doc,,IOI中国国家候选队论文/2003/方奇/方奇.doc,vi/sources/ioi/2003/fang-qi-coloring-construction-chessboard.tex
translated,doc,,IOI中国国家候选队论文/2003/林希德/林希德.doc,vi/sources/ioi/2003/lin-xide-maximal-repetition-substrings.tex
translated,doc,,IOI中国国家候选队论文/2003/王知昆/王知昆.doc,vi/sources/ioi/2003/wang-zhikun-maximal-subrectangle-extremal-method.tex
translated,doc,,IOI中国国家候选队论文/2003/王知昆/附件.doc,vi/sources/ioi/2003/wang-zhikun-example-originals-appendix.tex
translated,doc,,IOI中国国家候选队论文/2003/许智磊/许智磊.doc,vi/sources/ioi/2003/xu-zhilei-table-lookup-method.tex
translated,doc,,IOI中国国家候选队论文/2003/邵烜程/邵烜程.doc,vi/sources/ioi/2003/shao-xuancheng-mathematical-thinking.tex
translated,doc,,IOI中国国家候选队论文/2003/雷环中/雷环中.doc,vi/sources/ioi/2003/lei-huanzhong-output-only-problems.tex
translated,doc,,IOI中国国家候选队论文/2005/任恺/任恺.doc,vi/sources/ioi/2005/ren-kai-graph-connectivity-algorithms.tex
translated,doc,,IOI中国国家候选队论文/2005/何林/何林.doc,vi/sources/ioi/2005/he-lin-simplifying-data-relations.tex
translated,doc,,IOI中国国家候选队论文/2005/周源/周源.doc,vi/sources/ioi/2005/zhou-yuan-compression-method.tex
translated,doc,,IOI中国国家候选队论文/2005/唐文斌/唐文斌.doc,vi/sources/ioi/2005/tang-wenbin-reverse-thinking.tex
translated,doc,,IOI中国国家候选队论文/2005/张伟达/张伟达.doc,vi/sources/ioi/2005/zhang-weida-improved-algorithms-higher-dimensions.tex
translated,doc,,IOI中国国家候选队论文/2005/朱晨光/~$朱晨光.doc,vi/sources/ioi/2005/office-lock-zhu-chenguang.tex
translated,doc,,IOI中国国家候选队论文/2005/朱晨光/朱晨光.doc,vi/sources/ioi/2005/zhu-chenguang-doubling-method.tex
translated,doc,,IOI中国国家候选队论文/2005/朱泽园/朱泽园.doc,vi/sources/ioi/2005/zhu-zeyuan-back-to-starting-point.tex
translated,doc,,IOI中国国家候选队论文/2005/李羽修/李羽修.doc,vi/sources/ioi/2005/li-yuxiu-hash-function-design.tex
translated,doc,,IOI中国国家候选队论文/2005/杨俊/杨俊.doc,vi/sources/ioi/2005/yang-jun-binary-search-strategy.tex
translated,doc,,IOI中国国家候选队论文/2005/杨思雨/杨思雨.doc,vi/sources/ioi/2005/yang-siyu-golden-section-in-informatics.tex
translated,doc,,IOI中国国家候选队论文/2005/杨思雨/试题/取石子游戏.doc,vi/sources/ioi/2005/yang-siyu-stone-game-task.tex
translated,doc,,IOI中国国家候选队论文/2005/杨思雨/试题/登山问题.doc,vi/sources/ioi/2005/yang-siyu-explorer-task.tex
translated,doc,,IOI中国国家候选队论文/2005/汪汀/汪汀.doc,vi/sources/ioi/2005/wang-ting-parametric-search.tex
translated,doc,,IOI中国国家候选队论文/2005/潘震皓/潘震皓.doc,vi/sources/ioi/2005/pan-zhenhao-permutation-group-powers.tex
translated,doc,,IOI中国国家候选队论文/2005/王俊/王俊.doc,vi/sources/ioi/2005/wang-jun-bipartite-matching-applications.tex
translated,doc,,IOI中国国家候选队论文/2005/胡伟栋/胡伟栋.doc,vi/sources/ioi/2005/hu-weidong-imperfect-algorithms.tex
translated,doc,,IOI中国国家候选队论文/2005/胡伟栋/附件/传染病控制解题报告.doc,vi/sources/ioi/2005/hu-weidong-epidemic-control-solution.tex
translated,doc,,IOI中国国家候选队论文/2005/钱自强/钱自强.doc,vi/sources/ioi/2005/qian-ziqiang-genetic-algorithms.tex
translated,doc,,IOI中国国家候选队论文/2005/魏冉/魏冉.doc,vi/sources/ioi/2005/wei-ran-skip-list-applications.tex
translated,doc,,IOI中国国家候选队论文/2005/黄源河/黄源河.doc,vi/sources/ioi/2005/huang-yuanhe-leftist-tree-applications-doc.tex
translated,doc,,IOI中国国家候选队论文/2005/龙凡/龙凡.doc,vi/sources/ioi/2005/long-fan-applications-of-order.tex
translated,doc,,IOI中国国家候选队论文/2006/余远铭/余远铭.doc,vi/sources/ioi/2006/yu-yuanming-shortest-path-algorithms-applications.tex
translated,doc,,IOI中国国家候选队论文/2006/俞鑫/俞鑫.doc,vi/sources/ioi/2006/yu-xin-chessboard-partition.tex
translated,doc,,IOI中国国家候选队论文/2006/冯威/冯威.doc,vi/sources/ioi/2006/feng-wei-difference-constraints.tex
translated,doc,,IOI中国国家候选队论文/2006/周以苏/周以苏.doc,vi/sources/ioi/2006/zhou-yisu-disassembly-time-constant-optimization.tex
translated,doc,,IOI中国国家候选队论文/2006/周戈林/周戈林.doc,vi/sources/ioi/2006/zhou-gelin-analogy-thinking.tex
translated,doc,,IOI中国国家候选队论文/2006/唐文斌/唐文斌.doc,vi/sources/ioi/2006/tang-wenbin-adjustment-thinking.tex
translated,doc,,IOI中国国家候选队论文/2006/朱晨光/朱晨光.doc,vi/sources/ioi/2006/zhu-chenguang-basic-data-structures.tex
translated,doc,,IOI中国国家候选队论文/2006/朱泽园/朱泽园.doc,vi/sources/ioi/2006/zhu-zeyuan-half-plane-intersection-doc.tex
translated,doc,,IOI中国国家候选队论文/2006/李天翼/李天翼.doc,vi/sources/ioi/2006/li-tianyi-special-cases-doc.tex
translated,doc,,IOI中国国家候选队论文/2006/汤泽/汤泽.doc,vi/sources/ioi/2006/tang-ze-monotonic-queue-optimization.tex
translated,doc,,IOI中国国家候选队论文/2006/汪晔/汪晔.doc,vi/sources/ioi/2006/wang-ye-reference-coordinate-systems.tex
translated,doc,,IOI中国国家候选队论文/2006/王栋/王栋.doc,vi/sources/ioi/2006/wang-dong-voronoi.tex
translated,doc,,IOI中国国家候选队论文/2006/王赟/王赟.doc,vi/sources/ioi/2006/wang-yun-trie-graph.tex
translated,doc,,IOI中国国家候选队论文/2006/贾由/贾由.doc,vi/sources/ioi/2006/jia-you-graph-algorithm-optimization.tex
translated,doc,,IOI中国国家候选队论文/2006/陈启峰/附件/友好的动物的解题报告.doc,vi/sources/ioi/2006/chen-qifeng-friendly-animals-solution.tex
translated,doc,,IOI中国国家候选队论文/2006/陈启峰/附件/消防站解题报告.doc,vi/sources/ioi/2006/chen-qifeng-fire-station-solution.tex
translated,doc,,IOI中国国家候选队论文/2006/陈启峰/附件/骑士解题报告.doc,vi/sources/ioi/2006/chen-qifeng-knight-solution.tex
translated,doc,,IOI中国国家候选队论文/2006/陈启峰/陈启峰.doc,vi/sources/ioi/2006/chen-qifeng-constrain-relax-method.tex
translated,doc,,IOI中国国家候选队论文/2006/陈首元/陈首元.doc,vi/sources/ioi/2006/chen-shouyuan-dynamic-trees.tex
translated,doc,,IOI中国国家候选队论文/2006/黄劲松/黄劲松.doc,vi/sources/ioi/2006/huang-jinsong-greedy-dynamic-programming.tex
translated,doc,,IOI中国国家候选队论文/2006/黄晓愉/黄晓愉.doc,vi/sources/ioi/2006/huang-xiaoyu-search-optimization-techniques.tex
translated,doc,,IOI中国国家候选队论文/2006/龙凡/龙凡.doc,vi/sources/ioi/2006/long-fan-guessing-number-problems.tex
translated,doc,,IOI中国国家候选队论文/2008/Day1/1.曹钦翔《数据结构的提炼与压缩》/封面.doc,vi/sources/ioi/2008/cao-qinxiang-data-structure-refinement-cover.tex
translated,doc,,IOI中国国家候选队论文/2008/Day1/1.曹钦翔《数据结构的提炼与压缩》/目录.doc,vi/sources/ioi/2008/cao-qinxiang-data-structure-refinement-toc.tex
translated,doc,,IOI中国国家候选队论文/2008/Day1/1.曹钦翔《数据结构的提炼与压缩》/论文.doc,vi/sources/ioi/2008/cao-qinxiang-data-structure-refinement-paper.tex
translated,doc,,IOI中国国家候选队论文/2008/Day1/2.郑暾《平衡规划——浅析一类平衡思想的应用》/平衡规划.doc,vi/sources/ioi/2008/zheng-dun-balanced-planning.tex
translated,doc,,IOI中国国家候选队论文/2008/Day1/3.刘弈《浅谈信息学中状态的合理设计与应用》/浅谈信息学中状态的合理设计与应用.doc,vi/sources/ioi/2008/liu-yi-state-design-applications.tex
translated,doc,,IOI中国国家候选队论文/2008/Day1/4.顾研《浅谈随机化思想在几何问题中的应用》/浅谈随机化思想在几何问题中的应用.doc,vi/sources/ioi/2008/gu-yan-randomized-geometry.tex
translated,doc,,IOI中国国家候选队论文/2008/Day1/6.肖汉骏《例谈信息学竞赛分析中的“深”与“广”》/讲稿.doc,vi/sources/ioi/2008/xiao-hanjun-depth-breadth-talk-script.tex
translated,doc,,IOI中国国家候选队论文/2008/Day1/7.方戈《浅析信息学竞赛中一类与物理有关的问题》/3D_Music.doc,vi/sources/ioi/2008/fang-ge-3d-musical-water-fence.tex
translated,doc,,IOI中国国家候选队论文/2008/Day1/7.方戈《浅析信息学竞赛中一类与物理有关的问题》/浅析信息学竞赛中一类与物理有关的问题.doc,vi/sources/ioi/2008/fang-ge-physics-related-problems.tex
translated,doc,,IOI中国国家候选队论文/2008/Day1/8.吕子鉷《浅谈最短径路问题中的分层思想》/浅谈最短路径问题中的分层思想.doc,vi/sources/ioi/2008/lu-zihong-layered-shortest-paths.tex
translated,doc,,IOI中国国家候选队论文/2008/Day1/9.周小博《浅谈信息学竞赛中的区间问题》/~$信息学竞赛中的区间问题.doc,vi/sources/ioi/2008/office-lock-interval-problems-zhou-xiaobo.tex
translated,doc,,IOI中国国家候选队论文/2008/Day1/9.周小博《浅谈信息学竞赛中的区间问题》/浅谈信息学竞赛中的区间问题.doc,vi/sources/ioi/2008/zhou-xiaobo-interval-problems.tex
translated,doc,,IOI中国国家候选队论文/2008/Day2/1.程芃祺《计算几何中的二分思想》/计算几何中的二分思想.doc,vi/sources/ioi/2008/cheng-pengqi-binary-search-computational-geometry.tex
translated,doc,,IOI中国国家候选队论文/2008/Day2/2.高逸涵《部分贪心思想在信息学竞赛中的应用》/部分贪心在信息学竞赛中的应用.doc,vi/sources/ioi/2008/gao-yihan-partial-greedy.tex
translated,doc,,IOI中国国家候选队论文/2008/Day2/3.陈丹琦《基于连通性状态压缩的动态规划问题》/基于连通性状态压缩的动态规划问题.doc,vi/sources/ioi/2008/chen-danqi-connectivity-state-compression-dp.tex
translated,doc,,IOI中国国家候选队论文/2008/Day2/6.余林韵《运用化归思想解决信息学中的数列问题》/讲稿.doc,vi/sources/ioi/2008/yu-linyun-sequence-reduction-talk-script.tex
translated,doc,,IOI中国国家候选队论文/2008/Day2/7.任一恒《非完美算法初探》/非完美算法初探——任一恒.doc,vi/sources/ioi/2008/ren-yiheng-imperfect-algorithms.tex
translated,doc,,IOI中国国家候选队论文/2008/Day2/9.苏煜《对块状链表的一点研究》/对块状链表的一点研究.doc,vi/sources/ioi/2008/su-yu-block-linked-list-study.tex
translated,docx,,IOI中国国家候选队论文/2008/Day2/4.张煜承《一类算法复合的方法》/一类算法复合的方法.docx,vi/sources/ioi/2008-zhang-yucheng-algorithm-composition.tex
translated,docx,,比赛 CONTEST/2021“MINIEYE杯”中国大学生算法设计超级联赛/2021“MINIEYE杯”中国大学生算法设计超级联赛（1）/Necklace of Beads/solution.docx,vi/sources/contest/hdu-2021-minieye-01-necklace-of-beads-solution.tex
translated,md,,IOI中国国家候选队论文/README.md,vi/sources/readme/ioi-national-training-papers-readme.tex
translated,md,,README.md,vi/sources/readme/oipl-readme.tex
translated,md,,其他 OTHERS/README.md,vi/sources/others/others-readme.tex
translated,md,,动态规划 DYNAMIC PROGRAMMING/README.md,vi/sources/readme/empty-category-readmes.tex
translated,md,,图论 GRAPH THEORY/README.md,vi/sources/readme/empty-category-readmes.tex
translated,md,,数学 MATHEMATICS/README.md,vi/sources/readme/empty-category-readmes.tex
translated,md,,数据结构 DATA STRUCTURE/README.md,vi/sources/readme/empty-category-readmes.tex
translated,md,,模板 TEMPLATES/README.md,vi/sources/readme/empty-category-readmes.tex
translated,md,,比赛 CONTEST/2021“MINIEYE杯”中国大学生算法设计超级联赛/2021“MINIEYE杯”中国大学生算法设计超级联赛（5）/2021“MINIEYE杯”中国大学生算法设计超级联赛（5）-题解集.md,vi/sources/contest/hdu-2021-minieye-05-solutions.tex
translated,md,,英文资料 ENGLISH MATERIALS/README.md,vi/sources/readme/empty-category-readmes.tex
translated,pdf,13,IOI中国国家候选队论文/1999/周咏基.pdf,vi/sources/ioi/1999/zhou-yongji-randomized-algorithms.tex
translated,pdf,36,IOI中国国家候选队论文/1999/来煜坤.pdf,vi/sources/ioi/1999/lai-yukun-dynamic-programming.tex
translated,pdf,6,IOI中国国家候选队论文/1999/杨帆.pdf,vi/sources/ioi/1999/test-data-design-yang-fan.tex
translated,pdf,9,IOI中国国家候选队论文/1999/石润婷.pdf,vi/sources/ioi/1999/modeling-flexibility-shi-runting.tex
translated,pdf,20,IOI中国国家候选队论文/1999/邵铮.pdf,vi/sources/ioi/1999/shao-zheng-mathematical-models.tex
translated,pdf,15,IOI中国国家候选队论文/1999/陈宏.pdf,vi/sources/ioi/1999/chen-hong-picture-data-structures.tex
translated,pdf,28,IOI中国国家候选队论文/1999/齐鑫.pdf,vi/sources/ioi/1999/qi-xin-search-pruning.tex
translated,pdf,11,IOI中国国家候选队论文/2000/张一飞论文.pdf,vi/sources/ioi/2000-zhang-yifei-using-information.tex
translated,pdf,12,IOI中国国家候选队论文/2000/张力论文.pdf,vi/sources/ioi/2000-zhang-li-analogy-in-problem-solving.tex
translated,pdf,30,IOI中国国家候选队论文/2000/张辰论文.pdf,vi/sources/ioi/2000/zhang-chen-dp-characteristics-applications.tex
translated,pdf,19,IOI中国国家候选队论文/2000/徐串论文.pdf,vi/sources/ioi/2000/xu-chuan-debugging-techniques.tex
translated,pdf,20,IOI中国国家候选队论文/2000/徐静论文.pdf,vi/sources/ioi/2000/xu-jing-graph-modeling-transformation.tex
translated,pdf,11,IOI中国国家候选队论文/2000/方奇论文.pdf,vi/sources/ioi/2000-fang-qi-dynamic-programming.tex
translated,pdf,8,IOI中国国家候选队论文/2000/施遥论文.pdf,vi/sources/ioi/2000/ai-in-go-programs-shi-yao.tex
translated,pdf,34,IOI中国国家候选队论文/2000/李刚论文.pdf,vi/sources/ioi/2000/li-gang-deeper-dynamic-programming.tex
translated,pdf,14,IOI中国国家候选队论文/2000/杨培论文.pdf,vi/sources/ioi/2000-yang-pei-non-optimal-algorithms.tex
translated,pdf,28,IOI中国国家候选队论文/2000/杨江明论文.pdf,vi/sources/ioi/2000/yang-jiangming-mathematical-strategies.tex
translated,pdf,26,IOI中国国家候选队论文/2000/江鹏论文.pdf,vi/sources/ioi/2000/jiang-peng-constructive-method-models.tex
translated,pdf,25,IOI中国国家候选队论文/2000/肖洲论文.pdf,vi/sources/ioi/2000/xiao-zhou-data-structures-programming.tex
translated,pdf,21,IOI中国国家候选队论文/2000/谢婧论文.pdf,vi/sources/ioi/2000/xie-jing-scaled-problem-strategies.tex
translated,pdf,11,IOI中国国家候选队论文/2000/郭一论文.pdf,vi/sources/ioi/2000-guo-yi-mathematical-models.tex
translated,pdf,8,IOI中国国家候选队论文/2000/陈彧论文.pdf,vi/sources/ioi/2000/thinking-methods-in-oi-chen-yu.tex
translated,pdf,16,IOI中国国家候选队论文/2000/骆骥论文.pdf,vi/sources/ioi/2000-luo-ji-mathematical-modeling.tex
translated,pdf,17,IOI中国国家候选队论文/2000/高寒蕊论文.pdf,vi/sources/ioi/2000/gao-hanrui-recurrence-relations.tex
translated,pdf,21,IOI中国国家候选队论文/2000/龙翀论文.pdf,vi/sources/ioi/2000/long-chong-storage-structures.tex
translated,pdf,5,IOI中国国家候选队论文/2001/俞玮.pdf,vi/sources/ioi/2001/basic-dp-extensions-yu-wei.tex
translated,pdf,24,IOI中国国家候选队论文/2001/张一飞.pdf,vi/sources/ioi/2001/zhang-yifei-high-precision-factorial.tex
translated,pdf,21,IOI中国国家候选队论文/2001/李源.pdf,vi/sources/ioi/2001/li-yuan-enumerating-directed-trees.tex
translated,pdf,12,IOI中国国家候选队论文/2001/李益明.pdf,vi/sources/ioi/2001-li-yiming-computational-geometry.tex
translated,pdf,29,IOI中国国家候选队论文/2001/毛子青.pdf,vi/sources/ioi/2001/mao-ziqing-dp-optimization-techniques.tex
translated,pdf,5,IOI中国国家候选队论文/2001/江鹏.pdf,vi/sources/ioi/2001/network-flow-modeling-jiang-peng.tex
translated,pdf,14,IOI中国国家候选队论文/2001/符文杰.pdf,vi/sources/ioi/2001-fu-wenjie-polya-principle.tex
translated,pdf,4,IOI中国国家候选队论文/2001/骆骥.pdf,vi/sources/ioi/2001/bus-problem-dfs-luo-ji.tex
translated,pdf,12,IOI中国国家候选队论文/2001/高寒蕊.pdf,vi/sources/ioi/2001-gao-hanrui-round-table-data-structures.tex
translated,pdf,3,IOI中国国家候选队论文/2001/高岳.pdf,vi/sources/ioi/2001/medium-hardness-gao-yue.tex
translated,pdf,40,IOI中国国家候选队论文/2002/何林.pdf,vi/sources/ioi/2002/he-lin-conjecture-applications.tex
translated,pdf,22,IOI中国国家候选队论文/2002/何江舟.pdf,vi/sources/ioi/2002/he-jiangzhou-gaussian-elimination-linear-equations.tex
translated,pdf,16,IOI中国国家候选队论文/2002/俞玮.pdf,vi/sources/ioi/2002/yu-wei-ulam-game-coding.tex
translated,pdf,22,IOI中国国家候选队论文/2002/周文超.pdf,vi/sources/ioi/2002/zhou-wenchao-tree-structures-programming.tex
translated,pdf,34,IOI中国国家候选队论文/2002/孙方成.pdf,vi/sources/ioi/2002/sun-fangcheng-bipartite-graph-algorithms.tex
translated,pdf,18,IOI中国国家候选队论文/2002/孙林春.pdf,vi/sources/ioi/2002/sun-linchun-parity-optimization.tex
translated,pdf,35,IOI中国国家候选队论文/2002/张一飞.pdf,vi/sources/ioi/2002/zhang-yifei-combinatorial-games.tex
translated,pdf,41,IOI中国国家候选队论文/2002/张宁.pdf,vi/sources/ioi/2002/zhang-ning-genetic-algorithms.tex
translated,pdf,29,IOI中国国家候选队论文/2002/张家琳.pdf,vi/sources/ioi/2002/zhang-jialin-fast-polynomial-multiplication.tex
translated,pdf,12,IOI中国国家候选队论文/2002/戴德承.pdf,vi/sources/ioi/2002-dai-decheng-target-transformation.tex
translated,pdf,10,IOI中国国家候选队论文/2002/方奇.pdf,vi/sources/ioi/2002/necessary-conditions-fang-qi.tex
translated,pdf,30,IOI中国国家候选队论文/2002/李澎煦.pdf,vi/sources/ioi/2002/li-pengxu-half-plane-intersection.tex
translated,pdf,63,IOI中国国家候选队论文/2002/李睿.pdf,vi/sources/ioi/2002/li-rui-binary-method-statistics.tex
translated,pdf,32,IOI中国国家候选队论文/2002/杨旻旻.pdf,vi/sources/ioi/2002/yang-minmin-construction-method.tex
translated,pdf,22,IOI中国国家候选队论文/2002/王知昆.pdf,vi/sources/ioi/2002/wang-zhikun-search-order-selection.tex
translated,pdf,8,IOI中国国家候选队论文/2002/符文杰.pdf,vi/sources/ioi/2002/sorting-networks-fu-wenjie.tex
translated,pdf,13,IOI中国国家候选队论文/2002/许智磊.pdf,vi/sources/ioi/2002-xu-zhilei-multiple-binary-search.tex
translated,pdf,28,IOI中国国家候选队论文/2002/金恺.pdf,vi/sources/ioi/2002/jin-kai-network-flow-applications.tex
translated,pdf,41,IOI中国国家候选队论文/2002/骆骥.pdf,vi/sources/ioi/2002/luo-ji-game-problem-two-methods.tex
translated,pdf,20,IOI中国国家候选队论文/2002/黄芸.pdf,vi/sources/ioi/2002/huang-yun-dancing-flies-isomorphism.tex
translated,pdf,24,IOI中国国家候选队论文/2003/伍昱/由对称性解2-SAT问题.pdf,vi/sources/ioi/2003-wu-yu-symmetric-2sat.tex
translated,pdf,13,IOI中国国家候选队论文/2004/何林.pdf,vi/sources/ioi/2004-he-lin-conservation-method.tex
translated,pdf,29,IOI中国国家候选队论文/2004/吴景岳.pdf,vi/sources/ioi/2004/wu-jingyue-minimum-spanning-tree-applications.tex
translated,pdf,21,IOI中国国家候选队论文/2004/周源.pdf,vi/sources/ioi/2004/zhou-yuan-numeric-geometric-thinking.tex
translated,pdf,43,IOI中国国家候选队论文/2004/朱晨光.pdf,vi/sources/ioi/2004/zhu-chenguang-egg-dropping-dp-optimization.tex
translated,pdf,66,IOI中国国家候选队论文/2004/朱泽园.pdf,vi/sources/ioi/2004/zhu-zeyuan-multiple-string-matching.tex
translated,pdf,17,IOI中国国家候选队论文/2004/李锐喆.pdf,vi/sources/ioi/2004/li-ruizhe-details-in-algorithms.tex
translated,pdf,9,IOI中国国家候选队论文/2004/杨思雨.pdf,vi/sources/ioi/2004/splay-tree-yang-siyu.tex
translated,pdf,9,IOI中国国家候选队论文/2004/林涛.pdf,vi/sources/ioi/2004/segment-tree-applications-lin-tao.tex
translated,pdf,15,IOI中国国家候选队论文/2004/栗师.pdf,vi/sources/ioi/2004-li-shi-transforming-goals.tex
translated,pdf,12,IOI中国国家候选队论文/2004/楼天城.pdf,vi/sources/ioi/2004-lou-tiancheng-partial-search.tex
translated,pdf,7,IOI中国国家候选队论文/2004/汪汀.pdf,vi/sources/ioi/2004/mst-extensions-wang-ting.tex
translated,pdf,19,IOI中国国家候选队论文/2004/肖天.pdf,vi/sources/ioi/2004/xiao-tian-layered-graph-thinking.tex
translated,pdf,10,IOI中国国家候选队论文/2004/胡伟栋.pdf,vi/sources/ioi/2004/reducing-redundancy-hu-weidong.tex
translated,pdf,31,IOI中国国家候选队论文/2004/薛矛.pdf,vi/sources/ioi/2004/xue-mao-dynamic-statistics-segment-tree-rectangle-cutting.tex
translated,pdf,11,IOI中国国家候选队论文/2004/许智磊.pdf,vi/sources/ioi/2004-xu-zhilei-suffix-array.tex
translated,pdf,7,IOI中国国家候选队论文/2004/贝小辉.pdf,vi/sources/ioi/2004/tree-partition-bei-xiaohui.tex
translated,pdf,12,IOI中国国家候选队论文/2004/金恺.pdf,vi/sources/ioi/2004-jin-kai-limit-method-geometry.tex
translated,pdf,48,IOI中国国家候选队论文/2004/韩文弢.pdf,vi/sources/ioi/2004/han-wentao-cpp-in-oi.tex
translated,pdf,27,IOI中国国家候选队论文/2004/鬲融.pdf,vi/sources/ioi/2004/ge-rong-special-enumeration-thinking.tex
translated,pdf,9,IOI中国国家候选队论文/2004/黄源河.pdf,vi/sources/ioi/2004/graph-modeling-huang-yuanhe.tex
translated,pdf,2,IOI中国国家候选队论文/2005/胡伟栋/附件/Intuitionistic Logic.pdf,vi/sources/ioi/2005/intuitionistic-logic.tex
translated,pdf,4,IOI中国国家候选队论文/2005/胡伟栋/附件/polygon.pdf,vi/sources/ioi/2005/polygon.tex
translated,pdf,21,IOI中国国家候选队论文/2005/黄源河/黄源河.pdf,vi/sources/ioi/2005/huang-yuanhe-leftist-tree-applications.tex
translated,pdf,11,IOI中国国家候选队论文/2006/朱泽园/朱泽园.pdf,vi/sources/ioi/2006-zhu-zeyuan-half-plane-intersection.tex
translated,pdf,14,IOI中国国家候选队论文/2006/李天翼/李天翼.pdf,vi/sources/ioi/2006-li-tianyi-special-cases.tex
translated,pdf,12,IOI中国国家候选队论文/2007/day1/1.高逸涵《与圆有关的离散化方法》.pdf,vi/sources/ioi/2007-gao-yihan-circle-discretization.tex
translated,pdf,18,IOI中国国家候选队论文/2007/day1/10.陈启峰《Size Balanced Tree》.pdf,vi/sources/ioi/2007-chen-qifeng-size-balanced-tree.tex
translated,pdf,16,IOI中国国家候选队论文/2007/day1/2.王晓珂《解析一类组合游戏》.pdf,vi/sources/ioi/2007-wang-xiaoke-combinatorial-games.tex
translated,pdf,26,IOI中国国家候选队论文/2007/day1/3.仇荣琦《欧拉回路性质与应用探究》.pdf,vi/sources/ioi/2007-qiu-rongqi-euler-circuit-applications.tex
translated,pdf,17,IOI中国国家候选队论文/2007/day1/5.杨沐《浅析信息学中的“分”与“合”》.pdf,vi/sources/ioi/2007-yang-mu-divide-and-combine-thinking.tex
translated,pdf,17,IOI中国国家候选队论文/2007/day1/6.李宇骞《浅谈信息学竞赛中的线性规划——简洁高效的单纯形法实现与应用》.pdf,vi/sources/ioi/2007-linear-programming-simplex-li-yuqian.tex
translated,pdf,26,IOI中国国家候选队论文/2007/day1/9.王欣上《浅谈基于分层思想的网络流算法》.pdf,vi/sources/ioi/2007-wang-xinshang-layered-network-flow.tex
translated,pdf,12,IOI中国国家候选队论文/2007/day2/1.杨弋《Hash在信息学竞赛中的一类应用》.pdf,vi/sources/ioi/2007-yang-yi-hash-applications.tex
translated,pdf,14,IOI中国国家候选队论文/2007/day2/10.刘家骅《浅谈随机化在信息学竞赛中的应用》.pdf,vi/sources/ioi/2007-liu-jiahua-randomization.tex
translated,pdf,14,IOI中国国家候选队论文/2007/day2/2.古楠《平面嵌入》.pdf,vi/sources/ioi/2007-gu-nan-planar-embedding.tex
translated,pdf,15,IOI中国国家候选队论文/2007/day2/4.刘雨辰《对拟阵的初步研究》.pdf,vi/sources/ioi/2007-matroid-introduction-liu-yuchen.tex
translated,pdf,11,IOI中国国家候选队论文/2007/day2/5.陈雪《问题中的变与不变》.pdf,vi/sources/ioi/2007-chen-xue-change-and-invariance.tex
translated,pdf,15,IOI中国国家候选队论文/2007/day2/6.何森《浅谈数据的合理组织》.pdf,vi/sources/ioi/2007-he-sen-data-organization.tex
translated,pdf,45,IOI中国国家候选队论文/2007/day2/7.胡伯涛《最小割模型在信息学竞赛中的应用》.pdf,vi/sources/ioi/2007-hu-botao-minimum-cut-model-applications.tex
translated,pdf,15,IOI中国国家候选队论文/2007/day2/8.陈瑜希《多角度思考 创造性思维》.pdf,vi/sources/ioi/2007-chen-yuxi-tree-dp-creative-thinking.tex
translated,pdf,14,IOI中国国家候选队论文/2007/day2/9.周冬《生成树的计数及其应用》.pdf,vi/sources/ioi/2007-zhou-dong-spanning-tree-counting.tex
translated,pdf,44,IOI中国国家候选队论文/2008/Day1/10.俞华程《矩阵乘法在信息学中的应用》/slide.pdf,vi/sources/ioi/2008/matrix-multiplication-applications-yu-huacheng-slides.tex
translated,pdf,18,IOI中国国家候选队论文/2008/Day1/10.俞华程《矩阵乘法在信息学中的应用》/矩阵乘法.pdf,vi/sources/ioi/2008-yu-huacheng-matrix-multiplication-applications.tex
translated,pdf,23,IOI中国国家候选队论文/2008/Day1/6.肖汉骏《例谈信息学竞赛分析中的“深”与“广”》/肖汉骏论文.pdf,vi/sources/ioi/2008-xiao-hanjun-depth-and-breadth-analysis.tex
translated,pdf,2,IOI中国国家候选队论文/2008/Day1/7.方戈《浅析信息学竞赛中一类与物理有关的问题》/ars longa.pdf,vi/sources/ioi/2008/ars-longa.tex
translated,pdf,2,IOI中国国家候选队论文/2008/Day1/7.方戈《浅析信息学竞赛中一类与物理有关的问题》/water tanks.pdf,vi/sources/ioi/2008/water-tanks.tex
translated,pdf,11,IOI中国国家候选队论文/2008/Day2/4.张煜承《一类算法复合的方法》/一类算法复合的方法.pdf,vi/sources/ioi/2008-zhang-yucheng-algorithm-composition.tex
translated,pdf,14,IOI中国国家候选队论文/2008/Day2/5.陈瑜希《Pólya计数法的应用》/pálya计数法的应用.pdf,vi/sources/ioi/2008-chen-yuxi-polya-counting.tex
translated,pdf,35,IOI中国国家候选队论文/2008/Day2/6.余林韵《运用化归思想解决信息学中的数列问题》/论文.pdf,vi/sources/ioi/2008-yu-linyun-sequence-problems-reduction.tex
translated,pdf,5,IOI中国国家候选队论文/2008/Day2/6.余林韵《运用化归思想解决信息学中的数列问题》/附件数学相关知识.pdf,vi/sources/ioi/2008/math-related-knowledge-yu-linyun.tex
translated,pdf,12,IOI中国国家候选队论文/2009/刘聪/浅谈数位类统计问题.pdf,vi/sources/ioi/2009-liu-cong-digit-statistics.tex
translated,pdf,19,IOI中国国家候选队论文/2009/周而进/浅谈估价函数在信息学竞赛中的应用.pdf,vi/sources/ioi/2009-zhou-erjin-estimation-functions.tex
translated,pdf,36,IOI中国国家候选队论文/2009/周而进/演示文稿.pdf,vi/sources/ioi/2009-zhou-erjin-estimation-functions-slides.tex
translated,pdf,37,IOI中国国家候选队论文/2009/姜碧野/SPFA算法的优化及应用.pdf,vi/sources/ioi/2009-jiang-biye-spfa-optimization-applications.tex
translated,pdf,22,IOI中国国家候选队论文/2009/张昆玮/数学归纳法与解题之道.pdf,vi/sources/ioi/2009-zhang-kunwei-mathematical-induction.tex
translated,pdf,20,IOI中国国家候选队论文/2009/徐持衡/浅谈几类背包题.pdf,vi/sources/ioi/2009-xu-chiheng-knapsack-variants.tex
translated,pdf,12,IOI中国国家候选队论文/2009/徐源盛/对一类动态规划问题的研究.pdf,vi/sources/ioi/2009-xu-yuansheng-future-cost-dp.tex
translated,pdf,26,IOI中国国家候选队论文/2009/方展鹏/浅谈如何解决不平等博弈问题.pdf,vi/sources/ioi/2009-fang-zhanpeng-partizan-games.tex
translated,pdf,44,IOI中国国家候选队论文/2009/曹钦翔/从“k倍动态减法游戏”出发探究一类组合游戏问题.pdf,vi/sources/ioi/2009-cao-qinxiang-k-dynamic-subtraction-games.tex
translated,pdf,16,IOI中国国家候选队论文/2009/李骥扬/线段跳表——跳表的一个拓展.pdf,vi/sources/ioi/2009-li-jiyang-segment-skip-list.tex
translated,pdf,21,IOI中国国家候选队论文/2009/梅诗珂/信息学竞赛中概率问题求解初探.pdf,vi/sources/ioi/2009-mei-shike-probability-problems.tex
translated,pdf,29,IOI中国国家候选队论文/2009/武森/浅谈信息学竞赛中的“0”和“1”.pdf,vi/sources/ioi/2009-wu-sen-binary-thinking.tex
translated,pdf,24,IOI中国国家候选队论文/2009/毛杰明/母函数的性质及应用.pdf,vi/sources/ioi/2009-mao-jieming-generating-functions.tex
translated,pdf,17,IOI中国国家候选队论文/2009/汤可因/浅析竞赛中一类数学期望问题的解决方法.pdf,vi/sources/ioi/2009-tang-keyin-expectation-problems.tex
translated,pdf,29,IOI中国国家候选队论文/2009/漆子超/分治算法在树的路径问题中的应用.pdf,vi/sources/ioi/2009-qi-zichao-tree-path-divide-conquer.tex
translated,pdf,25,IOI中国国家候选队论文/2009/罗穗骞/后缀数组——处理字符串的有力工具.pdf,vi/sources/ioi/2009-luo-suiqian-suffix-array.tex
translated,pdf,21,IOI中国国家候选队论文/2009/董华星/浅析字母树在信息学竞赛中的应用.pdf,vi/sources/ioi/2009-dong-huaxing-trie-applications.tex
translated,pdf,24,IOI中国国家候选队论文/2009/贾志豪/组合游戏略述——浅谈SG游戏的若干拓展及变形.pdf,vi/sources/ioi/2009-jia-zhihao-sg-game-variants.tex
translated,pdf,77,IOI中国国家候选队论文/2009/金斌/slide.pdf,vi/sources/ioi/2009-jin-bin-euclidean-algorithm-slides.tex
translated,pdf,14,IOI中国国家候选队论文/2009/金斌/欧几里得算法的应用.pdf,vi/sources/ioi/2009-jin-bin-euclidean-algorithm-applications.tex
translated,pdf,37,IOI中国国家候选队论文/2009/骆可强/论程序底层优化的一些方法与技巧.pdf,vi/sources/ioi/2009-luo-keqiang-low-level-optimization.tex
translated,pdf,13,IOI中国国家候选队论文/2009/高逸涵/数位计数问题解法研究.pdf,vi/sources/ioi/2009-gao-yihan-digit-counting.tex
translated,pdf,137,IOI中国国家候选队论文/国家集训队2013论文集.pdf,vi/sources/ioi/2013-national-training-team-collection.tex
translated,pdf,228,IOI中国国家候选队论文/国家集训队2014论文集.pdf,vi/sources/ioi/2014-national-training-team-collection.tex
translated,pdf,291,IOI中国国家候选队论文/国家集训队2015论文集.pdf,vi/sources/ioi/2015-national-training-team-collection.tex
translated,pdf,234,IOI中国国家候选队论文/国家集训队2016论文集.pdf,vi/sources/ioi/2016-national-training-team-collection.tex
translated,pdf,204,IOI中国国家候选队论文/国家集训队2017论文集.pdf,vi/sources/ioi/2017-national-training-team-collection.tex
translated,pdf,210,IOI中国国家候选队论文/国家集训队2018论文集.pdf,vi/sources/ioi/2018-national-training-team-collection.tex
translated,pdf,231,IOI中国国家候选队论文/国家集训队2019论文集.pdf,vi/sources/ioi/2019-national-training-team-collection.tex
translated,pdf,196,IOI中国国家候选队论文/国家集训队2020论文集.pdf,vi/sources/ioi/2020-national-training-team-collection.tex
translated,pdf,246,IOI中国国家候选队论文/国家集训队2022论文集.pdf,vi/sources/ioi/2022-national-training-team-collection.tex
translated,pdf,249,IOI中国国家候选队论文/国家集训队2023论文集.pdf,vi/sources/ioi/2023-national-training-team-collection.tex
translated,pdf,424,IOI中国国家候选队论文/国家集训队2024论文集.pdf,vi/sources/ioi/2024-national-training-team-collection.tex
translated,pdf,168,IOI中国国家候选队论文/国家集训队2025论文集.pdf,vi/sources/ioi/2025-national-training-team-collection.tex
translated,pdf,54,USACO/USACO上海交通大学暑假集训讲义54P.pdf,vi/sources/usaco/usaco-shanghai-jiaotong-summer-training.tex
translated,pdf,83,USACO/USACO全部中英文译题83P.pdf,vi/sources/usaco/usaco-all-problem-statements-bilingual.tex
translated,pdf,21,USACO/【由 BirDOR 整理】USACO 2001-2007 月赛测试数据+题目+题解/USACO月赛题解.pdf,vi/sources/usaco/usaco-monthly-contest-solutions.tex
translated,pdf,42,其他 OTHERS/NOI2016-旷野大计算-题解.pdf,vi/sources/others/noi2016-wilderness-computation-solution.tex
translated,pdf,12,其他 OTHERS/QTREE解法的一些研究 - Yang Zhe.pdf,vi/sources/others/qtree-solutions-yang-zhe.tex
translated,pdf,54,其他 OTHERS/函数式编程 - 郭家寶.pdf,vi/sources/others/functional-programming-guo-jiabao.tex
translated,pdf,27,其他 OTHERS/猜数字游戏的计算机求解 - 莫涛.pdf,vi/sources/others/bulls-and-cows-computer-solving-mo-tao.tex
translated,pdf,10,动态规划 DYNAMIC PROGRAMMING/1D1D动态规划优化初步.pdf,vi/sources/dynamic-programming/intro-1d1d-dp-optimization.tex
translated,pdf,26,动态规划 DYNAMIC PROGRAMMING/初探数位dp.pdf,vi/sources/dynamic-programming/intro-digit-dp.tex
translated,pdf,4,动态规划 DYNAMIC PROGRAMMING/动态规划与单调性.pdf,vi/sources/dynamic-programming/dp-monotonicity.tex
translated,pdf,5,动态规划 DYNAMIC PROGRAMMING/动态规划中的提纯 - 陈启峰.pdf,vi/sources/dynamic-programming/dp-purification-chen-qifeng.tex
translated,pdf,8,动态规划 DYNAMIC PROGRAMMING/动态规划之四边形不等式优化 - 贺洪鸣.pdf,vi/sources/dynamic-programming/quadrangle-inequality-optimization-he-hongming.tex
translated,pdf,16,动态规划 DYNAMIC PROGRAMMING/动态规划之状态压缩 - 周伟.pdf,vi/sources/dynamic-programming/state-compression-zhou-wei.tex
translated,pdf,9,动态规划 DYNAMIC PROGRAMMING/动态规划之队列优化.pdf,vi/sources/dynamic-programming/queue-in-monotonicity-tang-ze.tex
translated,pdf,6,动态规划 DYNAMIC PROGRAMMING/动态规划加速原理之四边形不等式 - 赵爽.pdf,vi/sources/dynamic-programming/quadrangle-inequality-acceleration-zhao-shuang.tex
translated,pdf,23,动态规划 DYNAMIC PROGRAMMING/动态规划的优化 - 唐文斌.pdf,vi/sources/dynamic-programming/dp-optimization-tang-wenbin.tex
translated,pdf,17,动态规划 DYNAMIC PROGRAMMING/楼天城牛关于队列优化多重背包.pdf,vi/sources/dynamic-programming/resource-allocation-dp-lou-tiancheng.tex
translated,pdf,19,动态规划 DYNAMIC PROGRAMMING/用单调性优化动态规划.pdf,vi/sources/dynamic-programming/monotonicity-optimized-dp-jsoi2009.tex
translated,pdf,17,动态规划 DYNAMIC PROGRAMMING/背包九讲_v2 - 崔添翼.pdf,vi/sources/dynamic-programming/knapsack-nine-lectures-cui-tianyi.tex
translated,pdf,4,动态规划 DYNAMIC PROGRAMMING/队列优化一类动态规划的优化 - 林涛.pdf,vi/sources/dynamic-programming/queue-optimized-dp-lin-tao.tex
translated,pdf,3,图论 GRAPH THEORY/2-SAT信息学奥林匹克论文 - 赵爽.pdf,vi/sources/graph-theory/2-sat.tex
translated,pdf,46,图论 GRAPH THEORY/区间图、弦图和完美图.pdf,vi/sources/graph-theory/interval-chordal-perfect-graphs.tex
translated,pdf,7,图论 GRAPH THEORY/最小费用流算法 - 张昆玮.pdf,vi/sources/graph-theory/min-cost-flow.tex
translated,pdf,22,图论 GRAPH THEORY/经典算法之二分图 - 何振豪.pdf,vi/sources/graph-theory/bipartite-graph-he-zhenhao.tex
translated,pdf,30,图论 GRAPH THEORY/网络流题选讲 - 李宇亮.pdf,vi/sources/graph-theory/network-flow-selected-problems-li-yuliang.tex
translated,pdf,8,数学 MATHEMATICS/复杂同余方程求解的简单探究 - 何昊天.pdf,vi/sources/mathematics/complex-congruence-equations.tex
translated,pdf,39,数学 MATHEMATICS/容斥原理 - 张坤龙.pdf,vi/sources/mathematics/inclusion-exclusion-zhang-kunlong.tex
translated,pdf,4,数学 MATHEMATICS/快速傅里叶变换学习总结 - Voiphon.pdf,vi/sources/mathematics/fft-summary.tex
translated,pdf,40,数学 MATHEMATICS/简单数理逻辑及应用 - 李恺威 .pdf,vi/sources/mathematics/simple-mathematical-logic-li-kaiwei.tex
translated,pdf,40,数学 MATHEMATICS/线性规划与单纯形算法 - 吴一凡.pdf,vi/sources/mathematics/linear-programming-simplex-wu-yifan.tex
translated,pdf,23,数据结构 DATA STRUCTURE/可持久化数据结构研究 - 陈立杰.pdf,vi/sources/data-structure/persistent-data-structures-chen-lijie.tex
translated,pdf,5,数据结构 DATA STRUCTURE/后缀数组.pdf,vi/sources/data-structure/suffix-array.tex
translated,pdf,102,数据结构 DATA STRUCTURE/统计的力量——线段树全接触 - 张昆玮.pdf,vi/sources/data-structure/power-of-statistics-segment-tree-zhang-kunwei.tex
translated,pdf,5,数据结构 DATA STRUCTURE/莫队算法详解 - anudeep2011.pdf,vi/sources/data-structure/mo-algorithm-anudeep2011.tex
translated,pdf,11,比赛 CONTEST/2021“MINIEYE杯”中国大学生算法设计超级联赛/2021“MINIEYE杯”中国大学生算法设计超级联赛（10）/2021“MINIEYE杯”中国大学生算法设计超级联赛（10）-题目集.pdf,vi/sources/contest/hdu-2021-minieye-10-problems.tex
translated,pdf,7,比赛 CONTEST/2021“MINIEYE杯”中国大学生算法设计超级联赛/2021“MINIEYE杯”中国大学生算法设计超级联赛（10）/2021“MINIEYE杯”中国大学生算法设计超级联赛（10）-题解.pdf,vi/sources/contest/hdu-2021-minieye-10-solutions.tex
translated,pdf,3,比赛 CONTEST/2021“MINIEYE杯”中国大学生算法设计超级联赛/2021“MINIEYE杯”中国大学生算法设计超级联赛（2）/2021“MINIEYE杯”中国大学生算法设计超级联赛题解.pdf,vi/sources/contest/hdu-2021-minieye-02-solutions.tex
translated,pdf,15,比赛 CONTEST/2021“MINIEYE杯”中国大学生算法设计超级联赛/2021“MINIEYE杯”中国大学生算法设计超级联赛（2）/2021“MINIEYE杯”中国大学生算法设计超级联赛（2）-题目集.pdf,vi/sources/contest/hdu-2021-minieye-02-problems.tex
translated,pdf,13,比赛 CONTEST/2021“MINIEYE杯”中国大学生算法设计超级联赛/2021“MINIEYE杯”中国大学生算法设计超级联赛（3）/2021“MINIEYE杯”中国大学生算法设计超级联赛（3）-题目集.pdf,vi/sources/contest/hdu-2021-minieye-03-problems.tex
translated,pdf,6,比赛 CONTEST/2021“MINIEYE杯”中国大学生算法设计超级联赛/2021“MINIEYE杯”中国大学生算法设计超级联赛（3）/2021“MINIEYE杯”中国大学生算法设计超级联赛（3）-题解.pdf,vi/sources/contest/hdu-2021-minieye-03-solutions.tex
translated,pdf,14,比赛 CONTEST/2021“MINIEYE杯”中国大学生算法设计超级联赛/2021“MINIEYE杯”中国大学生算法设计超级联赛（4）/2021“MINIEYE杯”中国大学生算法设计超级联赛（4）-题目集.pdf,vi/sources/contest/hdu-2021-minieye-04-problems.tex
translated,pdf,5,比赛 CONTEST/2021“MINIEYE杯”中国大学生算法设计超级联赛/2021“MINIEYE杯”中国大学生算法设计超级联赛（4）/2021“MINIEYE杯”中国大学生算法设计超级联赛（4）-题解.pdf,vi/sources/contest/hdu-2021-minieye-04-solutions.tex
translated,pdf,18,比赛 CONTEST/2021“MINIEYE杯”中国大学生算法设计超级联赛/2021“MINIEYE杯”中国大学生算法设计超级联赛（5）/2021“MINIEYE杯”中国大学生算法设计超级联赛（5）-题目集.pdf,vi/sources/contest/hdu-2021-minieye-05-problems.tex
translated,pdf,9,比赛 CONTEST/2021“MINIEYE杯”中国大学生算法设计超级联赛/2021“MINIEYE杯”中国大学生算法设计超级联赛（5）/2021“MINIEYE杯”中国大学生算法设计超级联赛（5）-题解集.pdf,vi/sources/contest/hdu-2021-minieye-05-solutions.tex
translated,pdf,16,比赛 CONTEST/2021“MINIEYE杯”中国大学生算法设计超级联赛/2021“MINIEYE杯”中国大学生算法设计超级联赛（6）/2021“MINIEYE杯”中国大学生算法设计超级联赛（6）-题目集.pdf,vi/sources/contest/hdu-2021-minieye-06-problems.tex
translated,pdf,6,比赛 CONTEST/2021“MINIEYE杯”中国大学生算法设计超级联赛/2021“MINIEYE杯”中国大学生算法设计超级联赛（6）/2021“MINIEYE杯”中国大学生算法设计超级联赛（6）-题解集.pdf,vi/sources/contest/hdu-2021-minieye-06-solutions.tex
translated,pdf,18,比赛 CONTEST/2021“MINIEYE杯”中国大学生算法设计超级联赛/2021“MINIEYE杯”中国大学生算法设计超级联赛（7）/2021“MINIEYE杯”中国大学生算法设计超级联赛（7）-题集.pdf,vi/sources/contest/hdu-2021-minieye-07-problems.tex
translated,pdf,7,比赛 CONTEST/2021“MINIEYE杯”中国大学生算法设计超级联赛/2021“MINIEYE杯”中国大学生算法设计超级联赛（7）/solution.pdf,vi/sources/contest/hdu-2021-minieye-07-solutions.tex
translated,pdf,3,比赛 CONTEST/2021“MINIEYE杯”中国大学生算法设计超级联赛/2021“MINIEYE杯”中国大学生算法设计超级联赛（8）/2021 HDU Multi-University Training Contest 8 solution.pdf,vi/sources/contest/hdu-2021-training-08-solutions.tex
translated,pdf,11,比赛 CONTEST/2021“MINIEYE杯”中国大学生算法设计超级联赛/2021“MINIEYE杯”中国大学生算法设计超级联赛（8）/2021 HDU Multi-University Training Contest 8.pdf,vi/sources/contest/hdu-2021-training-08-problems.tex
translated,pdf,18,比赛 CONTEST/2021“MINIEYE杯”中国大学生算法设计超级联赛/2021“MINIEYE杯”中国大学生算法设计超级联赛（9）/2021“MINIEYE杯”中国大学生算法设计超级联赛（9）-题目集.pdf,vi/sources/contest/hdu-2021-minieye-09-problems.tex
translated,pdf,6,比赛 CONTEST/2021“MINIEYE杯”中国大学生算法设计超级联赛/2021“MINIEYE杯”中国大学生算法设计超级联赛（9）/2021“MINIEYE杯”中国大学生算法设计超级联赛（9）-题解.pdf,vi/sources/contest/hdu-2021-training-09-solutions.tex
translated,pdf,18,英文资料 ENGLISH MATERIALS/General Suffix Automaton Construction Algorithm and Space Bounds.pdf,vi/sources/english/general-suffix-automaton-construction-mohri-moreno-weinstein.tex
translated,pdf,6,英文资料 ENGLISH MATERIALS/Longest Path on DAG.pdf,vi/sources/english/dag-shortest-paths-lecture-17.tex
translated,pdf,11,英文资料 ENGLISH MATERIALS/Longest common subsequence.pdf,vi/sources/english/longest-common-subsequence.tex
translated,pdf,45,英文资料 ENGLISH MATERIALS/SatoNT.pdf,vi/sources/english/sato-number-theory-notes.tex
translated,pdf,18,英文资料 ENGLISH MATERIALS/Suffix Tree with Figs.pdf,vi/sources/english/online-construction-of-suffix-trees-ukkonen.tex
translated,pdf,14,英文资料 ENGLISH MATERIALS/Time Bounds For Selection - Blum_Floyd_Pratt_Rivest_Tarjan.pdf,vi/sources/english/time-bounds-for-selection-blum-floyd-pratt-rivest-tarjan.tex
translated,pdf,5,英文资料 ENGLISH MATERIALS/Wikipedia_link-cut_tree.pdf,vi/sources/english/link-cut-tree-wikipedia.tex
translated,ppt,,IOI中国国家候选队论文/2003/伍昱/伍昱.ppt,vi/sources/ioi/2003-wu-yu-symmetric-2sat-slides.tex
translated,ppt,,IOI中国国家候选队论文/2003/何林/何林.ppt,vi/sources/ioi/2003/he-lin-ball-weighing-problems-slides.tex
translated,ppt,,IOI中国国家候选队论文/2003/侯启明/侯启明.ppt,vi/sources/ioi/2003/hou-qiming-information-theory-applications-slides.tex
translated,ppt,,IOI中国国家候选队论文/2003/刘一鸣/刘一鸣.ppt,vi/sources/ioi/2003/liu-yiming-search-data-ordering-slides.tex
translated,ppt,,IOI中国国家候选队论文/2003/刘才良/刘才良.ppt,vi/sources/ioi/2003/liu-cailiang-planar-graph-slides.tex
translated,ppt,,IOI中国国家候选队论文/2003/周源/周源.ppt,vi/sources/ioi/2003/zhou-yuan-minimal-representation-cyclic-strings-slides.tex
translated,ppt,,IOI中国国家候选队论文/2003/姜尚仆/姜尚仆.ppt,vi/sources/ioi/2003/jiang-shangpu-number-theory-billiards-slides.tex
translated,ppt,,IOI中国国家候选队论文/2003/张云亮/张云亮.ppt,vi/sources/ioi/2003/zhang-yunliang-algorithm-choice-slides.tex
translated,ppt,,IOI中国国家候选队论文/2003/张宁/张宁.ppt,vi/sources/ioi/2003/zhang-ning-guessing-number-slides.tex
translated,ppt,,IOI中国国家候选队论文/2003/方奇/方奇.ppt,vi/sources/ioi/2003/fang-qi-coloring-construction-chessboard-slides.tex
translated,ppt,,IOI中国国家候选队论文/2003/林希德/林希德.ppt,vi/sources/ioi/2003/lin-xide-maximal-repetition-substrings-slides.tex
translated,ppt,,IOI中国国家候选队论文/2003/王知昆/王知昆.ppt,vi/sources/ioi/2003/wang-zhikun-maximal-subrectangle-extremal-method-slides.tex
translated,ppt,,IOI中国国家候选队论文/2003/许智磊/许智磊.ppt,vi/sources/ioi/2003/xu-zhilei-complement-counting-slides.tex
translated,ppt,,IOI中国国家候选队论文/2003/邵烜程/邵烜程.ppt,vi/sources/ioi/2003/shao-xuancheng-mathematical-thinking-slides.tex
translated,ppt,,IOI中国国家候选队论文/2003/金恺/金恺.ppt,vi/sources/ioi/2003/jin-kai-slides.tex
translated,ppt,,IOI中国国家候选队论文/2003/陆可昱/陆可昱.ppt,vi/sources/ioi/2003/lu-keyu-slides.tex
translated,ppt,,IOI中国国家候选队论文/2003/雷环中/雷环中.ppt,vi/sources/ioi/2003/lei-huanzhong-output-only-problems-slides.tex
translated,ppt,,IOI中国国家候选队论文/2003/项荣璟/项荣璟.ppt,vi/sources/ioi/2003/xiang-rongjing-dynamic-programming-slides.tex
translated,ppt,,IOI中国国家候选队论文/2003/饶向荣/饶向荣.ppt,vi/sources/ioi/2003/rao-xiangrong-string-dp-slides.tex
translated,ppt,,IOI中国国家候选队论文/2003/高正宇/高正宇.ppt,vi/sources/ioi/2003/gao-zhengyu-problem-classification-slides.tex
translated,ppt,,IOI中国国家候选队论文/2004/何林.ppt,vi/sources/ioi/2004/he-lin-conservation-method-slides.tex
translated,ppt,,IOI中国国家候选队论文/2004/周源.ppt,vi/sources/ioi/2004/zhou-yuan-numeric-geometric-thinking-slides.tex
translated,ppt,,IOI中国国家候选队论文/2004/朱晨光.ppt,vi/sources/ioi/2004/zhu-chenguang-egg-dropping-dp-optimization-slides.tex
translated,ppt,,IOI中国国家候选队论文/2004/朱泽园.ppt,vi/sources/ioi/2004/zhu-zeyuan-multiple-string-matching-slides.tex
translated,ppt,,IOI中国国家候选队论文/2004/李锐喆.ppt,vi/sources/ioi/2004/li-ruizhe-details-in-algorithms-slides.tex
translated,ppt,,IOI中国国家候选队论文/2004/杨思雨.ppt,vi/sources/ioi/2004/yang-siyu-splay-tree-slides.tex
translated,ppt,,IOI中国国家候选队论文/2004/林涛.ppt,vi/sources/ioi/2004/lin-tao-segment-tree-applications-slides.tex
translated,ppt,,IOI中国国家候选队论文/2004/栗师.ppt,vi/sources/ioi/2004/li-shi-transforming-goals-slides.tex
translated,ppt,,IOI中国国家候选队论文/2004/楼天城.ppt,vi/sources/ioi/2004/lou-tiancheng-partial-search-slides.tex
translated,ppt,,IOI中国国家候选队论文/2004/汪汀.ppt,vi/sources/ioi/2004/wang-ting-mst-extensions-slides.tex
translated,ppt,,IOI中国国家候选队论文/2004/肖天.ppt,vi/sources/ioi/2004/xiao-tian-layered-graph-thinking-slides.tex
translated,ppt,,IOI中国国家候选队论文/2004/胡伟栋.ppt,vi/sources/ioi/2004/hu-weidong-reducing-redundancy-slides.tex
translated,ppt,,IOI中国国家候选队论文/2004/薛矛.ppt,vi/sources/ioi/2004/xue-mao-dynamic-statistics-slides.tex
translated,ppt,,IOI中国国家候选队论文/2004/许智磊.ppt,vi/sources/ioi/2004/xu-zhilei-suffix-array-slides.tex
translated,ppt,,IOI中国国家候选队论文/2004/贝小辉.ppt,vi/sources/ioi/2004/bei-xiaohui-tree-partition-slides.tex
translated,ppt,,IOI中国国家候选队论文/2004/金恺.ppt,vi/sources/ioi/2004/jin-kai-limit-method-geometry-slides.tex
translated,ppt,,IOI中国国家候选队论文/2004/韩文韬.ppt,vi/sources/ioi/2004/han-wentao-cpp-in-oi-slides.tex
translated,ppt,,IOI中国国家候选队论文/2004/鬲融.ppt,vi/sources/ioi/2004/ge-rong-special-enumeration-slides.tex
translated,ppt,,IOI中国国家候选队论文/2004/黄源河.ppt,vi/sources/ioi/2004/huang-yuanhe-graph-modeling-slides.tex
translated,ppt,,IOI中国国家候选队论文/2005/任恺/任恺.ppt,vi/sources/ioi/2005/ren-kai-graph-connectivity-algorithms-slides.tex
translated,ppt,,IOI中国国家候选队论文/2005/何林/何林.ppt,vi/sources/ioi/2005/he-lin-simplifying-data-relations-slides.tex
translated,ppt,,IOI中国国家候选队论文/2005/吴景岳/吴景岳.ppt,vi/sources/ioi/2005/wu-jingyue-grid-optimization-slides.tex
translated,ppt,,IOI中国国家候选队论文/2005/周源/周源.ppt,vi/sources/ioi/2005/zhou-yuan-compression-method-slides.tex
translated,ppt,,IOI中国国家候选队论文/2005/唐文斌/唐文斌.ppt,vi/sources/ioi/2005/tang-wenbin-reverse-thinking-slides.tex
translated,ppt,,IOI中国国家候选队论文/2005/张伟达/张伟达.ppt,vi/sources/ioi/2005/zhang-weida-improved-algorithms-higher-dimensions-slides.tex
translated,ppt,,IOI中国国家候选队论文/2005/朱晨光/朱晨光.ppt,vi/sources/ioi/2005/zhu-chenguang-doubling-method-slides.tex
translated,ppt,,IOI中国国家候选队论文/2005/朱泽园/朱泽园.ppt,vi/sources/ioi/2005/zhu-zeyuan-back-to-starting-point-slides.tex
translated,ppt,,IOI中国国家候选队论文/2005/李羽修/李羽修.ppt,vi/sources/ioi/2005/li-yuxiu-hash-function-design-slides.tex
translated,ppt,,IOI中国国家候选队论文/2005/杨俊/杨俊.ppt,vi/sources/ioi/2005/yang-jun-binary-search-strategy-slides.tex
translated,ppt,,IOI中国国家候选队论文/2005/杨弋/杨弋.ppt,vi/sources/ioi/2005/yang-yi-geometric-dp-slides.tex
translated,ppt,,IOI中国国家候选队论文/2005/杨思雨/杨思雨.ppt,vi/sources/ioi/2005/yang-siyu-golden-section-in-informatics-slides.tex
translated,ppt,,IOI中国国家候选队论文/2005/栗师/栗师.ppt,vi/sources/ioi/2005/li-shi-shortest-path-sum-slides.tex
translated,ppt,,IOI中国国家候选队论文/2005/汪汀/汪汀.ppt,vi/sources/ioi/2005/wang-ting-parametric-search-slides.tex
translated,ppt,,IOI中国国家候选队论文/2005/潘震皓/潘震皓.ppt,vi/sources/ioi/2005/pan-zhenhao-permutation-group-powers-slides.tex
translated,ppt,,IOI中国国家候选队论文/2005/王俊/王俊.ppt,vi/sources/ioi/2005/wang-jun-bipartite-matching-applications-slides.tex
translated,ppt,,IOI中国国家候选队论文/2005/胡伟栋/胡伟栋.ppt,vi/sources/ioi/2005/hu-weidong-imperfect-algorithms-slides.tex
translated,ppt,,IOI中国国家候选队论文/2005/蒋炎岩/蒋炎岩.ppt,vi/sources/ioi/2005/jiang-yanyan-treap-slides.tex
translated,ppt,,IOI中国国家候选队论文/2005/金恺/金恺.ppt,vi/sources/ioi/2005/jin-kai-geometry-slides.tex
translated,ppt,,IOI中国国家候选队论文/2005/钱自强/钱自强.ppt,vi/sources/ioi/2005/qian-ziqiang-genetic-algorithms-slides.tex
translated,ppt,,IOI中国国家候选队论文/2005/魏冉/魏冉.ppt,vi/sources/ioi/2005/wei-ran-skip-list-applications-slides.tex
translated,ppt,,IOI中国国家候选队论文/2005/黄刚/黄刚.ppt,vi/sources/ioi/2005/huang-gang-dynamic-rankings-slides.tex
translated,ppt,,IOI中国国家候选队论文/2005/黄源河/黄源河.ppt,vi/sources/ioi/2005/huang-yuanhe-leftist-tree-applications-slides.tex
translated,ppt,,IOI中国国家候选队论文/2005/龙凡/龙凡.ppt,vi/sources/ioi/2005/long-fan-applications-of-order-slides.tex
translated,ppt,,IOI中国国家候选队论文/2006/余远铭/余远铭.ppt,vi/sources/ioi/2006/yu-yuanming-shortest-path-algorithms-applications-slides.tex
translated,ppt,,IOI中国国家候选队论文/2006/俞鑫/俞鑫.ppt,vi/sources/ioi/2006/yu-xin-chessboard-partition-slides.tex
translated,ppt,,IOI中国国家候选队论文/2006/冯威/冯威.ppt,vi/sources/ioi/2006/feng-wei-difference-constraints-slides.tex
translated,ppt,,IOI中国国家候选队论文/2006/周以苏/周以苏.ppt,vi/sources/ioi/2006/zhou-yisu-disassembly-time-constant-optimization-slides.tex
translated,ppt,,IOI中国国家候选队论文/2006/周戈林/周戈林.ppt,vi/sources/ioi/2006/zhou-gelin-analogy-thinking-slides.tex
translated,ppt,,IOI中国国家候选队论文/2006/唐文斌/唐文斌.ppt,vi/sources/ioi/2006/tang-wenbin-adjustment-thinking-slides.tex
translated,ppt,,IOI中国国家候选队论文/2006/朱晨光/朱晨光.ppt,vi/sources/ioi/2006/zhu-chenguang-basic-data-structures-slides.tex
translated,ppt,,IOI中国国家候选队论文/2006/朱泽园/朱泽园.ppt,vi/sources/ioi/2006/zhu-zeyuan-half-plane-intersection-slides.tex
translated,ppt,,IOI中国国家候选队论文/2006/李天翼/李天翼.ppt,vi/sources/ioi/2006/li-tianyi-special-cases-slides.tex
translated,ppt,,IOI中国国家候选队论文/2006/汤泽/汤泽.ppt,vi/sources/ioi/2006/tang-ze-monotonic-queue-optimization-slides.tex
translated,ppt,,IOI中国国家候选队论文/2006/王栋/王栋.ppt,vi/sources/ioi/2006/wang-dong-voronoi-slides.tex
translated,ppt,,IOI中国国家候选队论文/2006/王赟/王赟.ppt,vi/sources/ioi/2006/wang-yun-trie-graph-slides.tex
translated,ppt,,IOI中国国家候选队论文/2006/胡伟栋/胡伟栋.ppt,vi/sources/ioi/2006/hu-weidong-slides.tex
translated,ppt,,IOI中国国家候选队论文/2006/胡伟栋/胡伟栋（附）.ppt,vi/sources/ioi/2006/hu-weidong-appendix-slides.tex
translated,ppt,,IOI中国国家候选队论文/2006/贾由/贾由.ppt,vi/sources/ioi/2006/jia-you-graph-algorithm-optimization-slides.tex
translated,ppt,,IOI中国国家候选队论文/2006/陈启峰/陈启峰.ppt,vi/sources/ioi/2006/chen-qifeng-constrain-relax-method-slides.tex
translated,ppt,,IOI中国国家候选队论文/2006/陈首元/陈首元.ppt,vi/sources/ioi/2006/chen-shouyuan-dynamic-trees-slides.tex
translated,ppt,,IOI中国国家候选队论文/2006/高逸涵/高逸涵.ppt,vi/sources/ioi/2006/gao-yihan-factory-slides.tex
translated,ppt,,IOI中国国家候选队论文/2006/黄劲松/黄劲松.ppt,vi/sources/ioi/2006/huang-jinsong-greedy-dynamic-programming-slides.tex
translated,ppt,,IOI中国国家候选队论文/2006/黄晓愉/黄晓愉.ppt,vi/sources/ioi/2006/huang-xiaoyu-search-optimization-techniques-slides.tex
translated,ppt,,IOI中国国家候选队论文/2006/龙凡/龙凡.ppt,vi/sources/ioi/2006/long-fan-guessing-number-problems-slides.tex
translated,ppt,,IOI中国国家候选队论文/2007/day1/1.高逸涵《与圆有关的离散化方法》.ppt,vi/sources/ioi/2007/day1/gao-yihan-circle-discretization-slides.tex
translated,ppt,,IOI中国国家候选队论文/2007/day1/10.陈启峰《Size Balanced Tree》.ppt,vi/sources/ioi/2007/day1/chen-qifeng-size-balanced-tree-slides.tex
translated,ppt,,IOI中国国家候选队论文/2007/day1/2.王晓珂《解析一类组合游戏》.ppt,vi/sources/ioi/2007/day1/wang-xiaoke-combinatorial-games-slides.tex
translated,ppt,,IOI中国国家候选队论文/2007/day1/3.仇荣琦《欧拉回路性质与应用探究》.ppt,vi/sources/ioi/2007/day1/qiu-rongqi-euler-circuit-slides.tex
translated,ppt,,IOI中国国家候选队论文/2007/day1/4.余江伟《如何解决好动态统计问题》.ppt,vi/sources/ioi/2007/day1/yu-jiangwei-dynamic-statistics-slides.tex
translated,ppt,,IOI中国国家候选队论文/2007/day1/5.杨沐《浅析信息学中的“分”与“合”》.ppt,vi/sources/ioi/2007/day1/yang-mu-divide-combine-slides.tex
translated,ppt,,IOI中国国家候选队论文/2007/day1/6.李宇骞《浅谈信息学竞赛中的线性规划——简洁高效的单纯形法实现与应用》.ppt,vi/sources/ioi/2007/day1/li-yuqian-linear-programming-simplex-slides.tex
translated,ppt,,IOI中国国家候选队论文/2007/day1/7.袁昕颢《动态树问题及其应用》.ppt,vi/sources/ioi/2007/day1/yuan-xinhao-dynamic-trees-slides.tex
translated,ppt,,IOI中国国家候选队论文/2007/day1/8.杨哲《凸完全单调性的一个加强与应用》.ppt,vi/sources/ioi/2007/day1/yang-zhe-convex-monotonicity-slides.tex
translated,ppt,,IOI中国国家候选队论文/2007/day1/9.王欣上《浅谈基于分层思想的网络流算法》.ppt,vi/sources/ioi/2007/day1/wang-xinshang-layered-network-flow-slides.tex
translated,ppt,,IOI中国国家候选队论文/2007/day2/1.杨弋《Hash在信息学竞赛中的一类应用》.ppt,vi/sources/ioi/2007/day2/yang-yi-hash-applications-slides.tex
translated,ppt,,IOI中国国家候选队论文/2007/day2/10.刘家骅《浅谈随机化在信息学竞赛中的应用》.ppt,vi/sources/ioi/2007/day2/liu-jiahua-randomization-slides.tex
translated,ppt,,IOI中国国家候选队论文/2007/day2/2.古楠《平面嵌入》.ppt,vi/sources/ioi/2007/day2/gu-nan-planar-embedding-slides.tex
translated,ppt,,IOI中国国家候选队论文/2007/day2/3.郭华阳《RMQ与LCA问题》.ppt,vi/sources/ioi/2007/day2/guo-huayang-rmq-lca-slides.tex
translated,ppt,,IOI中国国家候选队论文/2007/day2/4.刘雨辰《对拟阵的初步研究》.ppt,vi/sources/ioi/2007/day2/liu-yuchen-matroid-introduction-slides.tex
translated,ppt,,IOI中国国家候选队论文/2007/day2/5.陈雪《问题中的变与不变》.ppt,vi/sources/ioi/2007/day2/chen-xue-change-invariance-slides.tex
translated,ppt,,IOI中国国家候选队论文/2007/day2/6.何森《浅谈数据的合理组织》.ppt,vi/sources/ioi/2007/day2/he-sen-data-organization-slides.tex
translated,ppt,,IOI中国国家候选队论文/2007/day2/7.胡伯涛《最小割模型在信息学竞赛中的应用》.ppt,vi/sources/ioi/2007/day2/hu-botao-minimum-cut-model-slides.tex
translated,ppt,,IOI中国国家候选队论文/2007/day2/8.陈瑜希《多角度思考 创造性思维》.ppt,vi/sources/ioi/2007/day2/chen-yuxi-creative-tree-dp-slides.tex
translated,ppt,,IOI中国国家候选队论文/2007/day2/9.周冬《生成树的计数及其应用》.ppt,vi/sources/ioi/2007/day2/zhou-dong-spanning-tree-counting-slides.tex
translated,ppt,,IOI中国国家候选队论文/2008/Day1/1.曹钦翔《数据结构的提炼与压缩》/数据结构的提炼与压缩.ppt,vi/sources/ioi/2008/slides/cao-qinxiang-data-structure-refinement-slides.tex
translated,ppt,,IOI中国国家候选队论文/2008/Day1/2.郑暾《平衡规划——浅析一类平衡思想的应用》/平衡规划.ppt,vi/sources/ioi/2008/slides/zheng-dun-balanced-planning-slides.tex
translated,ppt,,IOI中国国家候选队论文/2008/Day1/3.刘弈《浅谈信息学中状态的合理设计与应用》/浅谈信息学中状态的合理设计与应用.ppt,vi/sources/ioi/2008/slides/liu-yi-state-design-slides.tex
translated,ppt,,IOI中国国家候选队论文/2008/Day1/4.顾研《浅谈随机化思想在几何问题中的应用》/浅谈随机化思想在几何问题中的应用.ppt,vi/sources/ioi/2008/slides/gu-yan-randomized-geometry-slides.tex
translated,ppt,,IOI中国国家候选队论文/2008/Day1/5.周梦宇《码之道——浅谈信息学竞赛中的编码与译码问题》/码之道.ppt,vi/sources/ioi/2008/slides/zhou-mengyu-tao-of-coding-slides.tex
translated,ppt,,IOI中国国家候选队论文/2008/Day1/6.肖汉骏《例谈信息学竞赛分析中的“深”与“广”》/HunkShaw.ppt,vi/sources/ioi/2008/slides/xiao-hanjun-depth-breadth-slides.tex
translated,ppt,,IOI中国国家候选队论文/2008/Day1/7.方戈《浅析信息学竞赛中一类与物理有关的问题》/浅析信息学竞赛中一类与物理有关的问题.ppt,vi/sources/ioi/2008/slides/fang-ge-physics-problems-slides.tex
translated,ppt,,IOI中国国家候选队论文/2008/Day1/8.吕子鉷《浅谈最短径路问题中的分层思想》/浅谈最短径路问题中的分层思想.ppt,vi/sources/ioi/2008/slides/lu-zihong-layered-shortest-paths-slides.tex
translated,ppt,,IOI中国国家候选队论文/2008/Day1/9.周小博《浅谈信息学竞赛中的区间问题》/浅谈信息学竞赛中的区间问题.ppt,vi/sources/ioi/2008/slides/zhou-xiaobo-interval-problems-slides.tex
translated,ppt,,IOI中国国家候选队论文/2008/Day2/1.程芃祺《计算几何中的二分思想》/计算几何中的二分思想.ppt,vi/sources/ioi/2008/slides/cheng-pengqi-binary-search-geometry-slides.tex
translated,ppt,,IOI中国国家候选队论文/2008/Day2/10.周冬《两极相通——浅析最大—最小定理在信息学竞赛中的应用》/冬令营论文演示文稿.ppt,vi/sources/ioi/2008/slides/zhou-dong-minmax-theorems-slides.tex
translated,ppt,,IOI中国国家候选队论文/2008/Day2/2.高逸涵《部分贪心思想在信息学竞赛中的应用》/部分贪心在信息学竞赛中的应用.ppt,vi/sources/ioi/2008/slides/gao-yihan-partial-greedy-slides.tex
translated,ppt,,IOI中国国家候选队论文/2008/Day2/4.张煜承《一类算法复合的方法》/一类算法复合的方法.ppt,vi/sources/ioi/2008/slides/zhang-yucheng-algorithm-composition-slides.tex
translated,ppt,,IOI中国国家候选队论文/2008/Day2/5.陈瑜希《Pólya计数法的应用》/pálya计数法的应用.ppt,vi/sources/ioi/2008/slides/chen-yuxi-polya-counting-slides.tex
translated,ppt,,IOI中国国家候选队论文/2008/Day2/6.余林韵《运用化归思想解决信息学中的数列问题》/余林韵_运用化归思想解决信息学中的数列问题.ppt,vi/sources/ioi/2008/slides/yu-linyun-sequence-reduction-slides.tex
translated,ppt,,IOI中国国家候选队论文/2008/Day2/7.任一恒《非完美算法初探》/非完美算法初探——任一恒.ppt,vi/sources/ioi/2008/slides/ren-yiheng-imperfect-algorithms-slides.tex
translated,ppt,,IOI中国国家候选队论文/2008/Day2/8.高亦陶《从立体几何问题看降低编程复杂度》/从立体几何问题看降低编程复杂度.ppt,vi/sources/ioi/2008/slides/gao-yitao-solid-geometry-complexity-slides.tex
translated,ppt,,IOI中国国家候选队论文/2008/Day2/9.苏煜《对块状链表的一点研究》/对块状链表的一点研究.ppt,vi/sources/ioi/2008/slides/su-yu-block-linked-list-slides.tex
translated,ppt,,IOI中国国家候选队论文/2009/刘聪/浅谈数位类统计问题.ppt,vi/sources/ioi/2009/slides/liu-cong-digit-statistics-slides.tex
translated,ppt,,IOI中国国家候选队论文/2009/姜碧野/SPFA算法的优化及应用.ppt,vi/sources/ioi/2009/slides/jiang-biye-spfa-optimization-applications-slides.tex
translated,ppt,,IOI中国国家候选队论文/2009/张昆玮/数学归纳法与解题之道.ppt,vi/sources/ioi/2009/slides/zhang-kunwei-mathematical-induction-slides.tex
translated,ppt,,IOI中国国家候选队论文/2009/徐持衡/浅谈几类背包题.ppt,vi/sources/ioi/2009/slides/xu-chiheng-knapsack-variants-slides.tex
translated,ppt,,IOI中国国家候选队论文/2009/徐源盛/对一类动态规划问题的研究.ppt,vi/sources/ioi/2009/slides/xu-yuansheng-future-cost-dp-slides.tex
translated,ppt,,IOI中国国家候选队论文/2009/方展鹏/浅谈如何解决不平等博弈问题.ppt,vi/sources/ioi/2009/slides/fang-zhanpeng-partizan-games-slides.tex
translated,ppt,,IOI中国国家候选队论文/2009/曹钦翔/从“k倍动态减法游戏”出发探究一类组合游戏问题.ppt,vi/sources/ioi/2009/slides/cao-qinxiang-k-dynamic-subtraction-games-slides.tex
translated,ppt,,IOI中国国家候选队论文/2009/李骥扬/线段跳表——跳表的一个拓展.ppt,vi/sources/ioi/2009/slides/li-jiyang-segment-skip-list-slides.tex
translated,ppt,,IOI中国国家候选队论文/2009/梅诗珂/信息学竞赛中概率问题求解初探.ppt,vi/sources/ioi/2009/slides/mei-shike-probability-problems-slides.tex
translated,ppt,,IOI中国国家候选队论文/2009/武森/论文ppt/浅谈信息学竞赛中的“0”和“1”.ppt,vi/sources/ioi/2009/slides/wu-sen-binary-thinking-slides.tex
translated,ppt,,IOI中国国家候选队论文/2009/毛杰明/母函数的性质及应用.ppt,vi/sources/ioi/2009/slides/mao-jieming-generating-functions-slides.tex
translated,ppt,,IOI中国国家候选队论文/2009/汤可因/浅析竞赛中一类数学期望问题的解决方法.ppt,vi/sources/ioi/2009/slides/tang-keyin-expectation-problems-slides.tex
translated,ppt,,IOI中国国家候选队论文/2009/漆子超/分治算法在树的路径问题中的应用.ppt,vi/sources/ioi/2009/slides/qi-zichao-tree-path-divide-conquer-slides.tex
translated,ppt,,IOI中国国家候选队论文/2009/罗穗骞/后缀数组——处理字符串的有力工具.ppt,vi/sources/ioi/2009/slides/luo-suiqian-suffix-array-slides.tex
translated,ppt,,IOI中国国家候选队论文/2009/董华星/display/thesis.ppt,vi/sources/ioi/2009/slides/dong-huaxing-trie-applications-slides.tex
translated,ppt,,IOI中国国家候选队论文/2009/贾志豪/组合游戏略述——浅谈SG游戏的若干拓展及变形.ppt,vi/sources/ioi/2009/slides/jia-zhihao-sg-game-variants-slides.tex
translated,ppt,,IOI中国国家候选队论文/2009/骆可强/论程序底层优化的一些方法与技巧.ppt,vi/sources/ioi/2009/slides/luo-keqiang-low-level-optimization-slides.tex
translated,ppt,,IOI中国国家候选队论文/2009/高逸涵/数位计数问题解法研究.ppt,vi/sources/ioi/2009/slides/gao-yihan-digit-counting-slides.tex
translated,pptx,,IOI中国国家候选队论文/2008/Day1/5.周梦宇《码之道——浅谈信息学竞赛中的编码与译码问题》/码之道.pptx,vi/sources/ioi/2008/tao-of-coding-zhou-mengyu.tex
translated,pptx,,图论 GRAPH THEORY/弦图与区间图 - 陈丹琦.pptx,vi/sources/graph-theory/chordal-graph-interval-graph-chen-danqi.tex
translated,rtf,,IOI中国国家候选队论文/2005/胡伟栋/附件/polygon-1.2.rtf,vi/sources/ioi/2005/polygon-task-statement.tex
